Id,LotArea,LotConfig,Neighborhood,BldgType,HouseStyle,OverallQual,OverallCond,YearBuilt,YearRemodAdd,CentralAir,BsmtFullBath,BsmtHalfBath,FullBath,HalfBath,BedroomAbvGr,KitchenAbvGr,GarageCars,SalePrice
1,8450,Inside,CollgCr,1Fam,2Story,7,5,2003,2003,Y,1,0,2,1,3,1,2,208500
2,9600,FR2,Veenker,1Fam,1Story,6,8,1976,1976,Y,0,1,2,0,3,1,2,181500
3,11250,Inside,CollgCr,1Fam,2Story,7,5,2001,2002,Y,1,0,2,1,3,1,2,223500
4,9550,Corner,Crawfor,1Fam,2Story,7,5,1915,1970,Y,1,0,1,0,3,1,3,140000
5,14260,FR2,NoRidge,1Fam,2Story,8,5,2000,2000,Y,1,0,2,1,4,1,3,250000
6,14115,Inside,Mitchel,1Fam,1.5Fin,5,5,1993,1995,Y,1,0,1,1,1,1,2,143000
7,10084,Inside,Somerst,1Fam,1Story,8,5,2004,2005,Y,1,0,2,0,3,1,2,307000
8,10382,Corner,NWAmes,1Fam,2Story,7,6,1973,1973,Y,1,0,2,1,3,1,2,200000
9,6120,Inside,OldTown,1Fam,1.5Fin,7,5,1931,1950,Y,0,0,2,0,2,2,2,129900
10,7420,Corner,BrkSide,2fmCon,1.5Unf,5,6,1939,1950,Y,1,0,1,0,2,2,1,118000
11,11200,Inside,Sawyer,1Fam,1Story,5,5,1965,1965,Y,1,0,1,0,3,1,1,129500
12,11924,Inside,NridgHt,1Fam,2Story,9,5,2005,2006,Y,1,0,3,0,4,1,3,345000
13,12968,Inside,Sawyer,1Fam,1Story,5,6,1962,1962,Y,1,0,1,0,2,1,1,144000
14,10652,Inside,CollgCr,1Fam,1Story,7,5,2006,2007,Y,0,0,2,0,3,1,3,279500
15,10920,Corner,NAmes,1Fam,1Story,6,5,1960,1960,Y,1,0,1,1,2,1,1,157000
16,6120,Corner,BrkSide,1Fam,1.5Unf,7,8,1929,2001,Y,0,0,1,0,2,1,2,132000
17,11241,CulDSac,NAmes,1Fam,1Story,6,7,1970,1970,Y,1,0,1,0,2,1,2,149000
18,10791,Inside,Sawyer,Duplex,1Story,4,5,1967,1967,Y,0,0,2,0,2,2,2,90000
19,13695,Inside,SawyerW,1Fam,1Story,5,5,2004,2004,Y,1,0,1,1,3,1,2,159000
20,7560,Inside,NAmes,1Fam,1Story,5,6,1958,1965,Y,0,0,1,0,3,1,1,139000
21,14215,Corner,NridgHt,1Fam,2Story,8,5,2005,2006,Y,0,0,3,1,4,1,3,325300
22,7449,Inside,IDOTRR,1Fam,1.5Unf,7,7,1930,1950,Y,0,0,1,0,3,1,1,139400
23,9742,Inside,CollgCr,1Fam,1Story,8,5,2002,2002,Y,0,0,2,0,3,1,2,230000
24,4224,Inside,MeadowV,TwnhsE,1Story,5,7,1976,1976,Y,1,0,1,0,3,1,2,129900
25,8246,Inside,Sawyer,1Fam,1Story,5,8,1968,2001,Y,1,0,1,0,3,1,1,154000
26,14230,Corner,NridgHt,1Fam,1Story,8,5,2007,2007,Y,0,0,2,0,3,1,3,256300
27,7200,Corner,NAmes,1Fam,1Story,5,7,1951,2000,Y,0,1,1,0,3,1,2,134800
28,11478,Inside,NridgHt,1Fam,1Story,8,5,2007,2008,Y,1,0,2,0,3,1,3,306000
29,16321,CulDSac,NAmes,1Fam,1Story,5,6,1957,1997,Y,1,0,1,0,2,1,1,207500
30,6324,Inside,BrkSide,1Fam,1Story,4,6,1927,1950,N,0,0,1,0,1,1,1,68500
31,8500,Inside,IDOTRR,1Fam,2Story,4,4,1920,1950,N,0,0,1,0,3,1,1,40000
32,8544,CulDSac,Sawyer,1Fam,1Story,5,6,1966,2006,Y,0,0,1,1,3,1,1,149350
33,11049,Corner,CollgCr,1Fam,1Story,8,5,2007,2007,Y,0,0,2,0,3,1,2,179900
34,10552,Inside,NAmes,1Fam,1Story,5,5,1959,1959,Y,0,1,1,1,4,1,2,165500
35,7313,Inside,NridgHt,TwnhsE,1Story,9,5,2005,2005,Y,1,0,2,0,2,1,2,277500
36,13418,Inside,NridgHt,1Fam,2Story,8,5,2004,2005,Y,0,0,3,1,4,1,3,309000
37,10859,Corner,CollgCr,1Fam,1Story,5,5,1994,1995,Y,0,0,1,1,3,1,2,145000
38,8532,Inside,NAmes,1Fam,1Story,5,6,1954,1990,Y,0,1,1,0,3,1,2,153000
39,7922,Inside,NAmes,1Fam,1Story,5,7,1953,2007,Y,1,0,1,0,3,1,1,109000
40,6040,Inside,Edwards,Duplex,1Story,4,5,1955,1955,N,0,0,2,0,2,2,0,82000
41,8658,Inside,NAmes,1Fam,1Story,6,5,1965,1965,Y,0,0,2,0,3,1,2,160000
42,16905,Inside,Timber,1Fam,1Story,5,6,1959,1959,Y,0,1,1,1,2,1,1,170000
43,9180,CulDSac,SawyerW,1Fam,SFoyer,5,7,1983,1983,Y,1,0,1,0,2,1,2,144000
44,9200,CulDSac,CollgCr,1Fam,1Story,5,6,1975,1980,Y,1,0,1,0,3,1,1,130250
45,7945,Inside,NAmes,1Fam,1Story,5,6,1959,1959,Y,1,0,1,0,3,1,1,141000
46,7658,Inside,NridgHt,TwnhsE,1Story,9,5,2005,2005,Y,1,0,2,0,2,1,2,319900
47,12822,CulDSac,Mitchel,1Fam,1.5Fin,7,5,2003,2003,Y,1,0,1,1,1,1,2,239686
48,11096,Inside,Somerst,1Fam,1Story,8,5,2006,2006,Y,0,0,2,0,3,1,3,249700
49,4456,Inside,OldTown,2fmCon,2Story,4,5,1920,2008,Y,0,0,2,0,2,3,0,113000
50,7742,Inside,Sawyer,1Fam,1Story,5,7,1966,1966,Y,1,0,1,0,3,1,1,127000
51,13869,Corner,Gilbert,1Fam,2Story,6,6,1997,1997,Y,0,1,2,0,3,1,2,177000
52,6240,Inside,BrkSide,1Fam,1.5Fin,6,6,1934,1950,Y,0,0,1,0,3,1,2,114500
53,8472,Corner,IDOTRR,Duplex,1Story,5,5,1963,1963,N,1,0,1,0,2,1,2,110000
54,50271,Inside,Veenker,1Fam,1Story,9,5,1981,1987,Y,2,0,0,1,0,1,3,385000
55,7134,Inside,NAmes,1Fam,SLvl,5,5,1955,1955,Y,0,0,1,0,3,1,2,130000
56,10175,Inside,NAmes,1Fam,1Story,6,5,1964,1964,Y,0,0,2,0,3,1,2,180500
57,2645,Inside,Somerst,Twnhs,2Story,8,5,1999,2000,Y,1,0,2,1,3,1,2,172500
58,11645,Corner,CollgCr,1Fam,2Story,7,5,2004,2004,Y,0,0,2,1,3,1,2,196500
59,13682,CulDSac,StoneBr,1Fam,2Story,10,5,2006,2006,Y,0,0,3,1,3,1,3,438780
60,7200,Inside,CollgCr,1Fam,1Story,5,7,1972,1972,Y,0,0,1,0,2,1,1,124900
61,13072,Inside,SawyerW,1Fam,1Story,6,5,2004,2004,Y,1,0,1,1,3,1,2,158000
62,7200,Inside,IDOTRR,1Fam,2.5Unf,5,7,1920,1996,N,0,0,1,0,3,1,1,101000
63,6442,Inside,NridgHt,TwnhsE,1Story,8,5,2006,2006,Y,0,0,2,0,2,1,2,202500
64,10300,Inside,OldTown,1Fam,2Story,7,6,1921,1950,Y,0,0,2,0,3,1,2,140000
65,9375,Inside,CollgCr,1Fam,2Story,7,5,1997,1998,Y,1,0,2,1,3,1,2,219500
66,9591,Inside,NridgHt,1Fam,2Story,8,5,2004,2005,Y,0,0,2,1,4,1,3,317000
67,19900,Inside,NAmes,1Fam,1Story,7,5,1970,1989,Y,1,0,2,0,3,1,2,180000
68,10665,Inside,CollgCr,1Fam,1Story,7,5,2003,2003,Y,1,0,2,0,3,1,2,226000
69,4608,Corner,OldTown,1Fam,1Story,4,6,1945,1950,Y,0,0,1,0,2,1,1,80000
70,15593,Corner,ClearCr,1Fam,1.5Fin,7,4,1953,1953,Y,0,0,2,0,3,1,2,225000
71,13651,Inside,NAmes,1Fam,1Story,7,6,1973,1973,Y,1,0,2,0,3,1,2,244000
72,7599,Corner,Mitchel,1Fam,1Story,4,6,1982,2006,Y,1,0,1,0,2,1,2,129500
73,10141,Corner,Gilbert,1Fam,2Story,7,5,1998,1998,Y,0,0,2,1,3,1,2,185000
74,10200,Inside,NAmes,1Fam,1Story,5,7,1954,2003,Y,1,0,1,0,3,1,2,144900
75,5790,Corner,OldTown,1Fam,2Story,3,6,1915,1950,N,0,0,2,0,3,2,1,107400
76,1596,Inside,MeadowV,Twnhs,SLvl,4,5,1973,1973,Y,1,0,1,0,2,1,1,91000
77,8475,Inside,NAmes,1Fam,1Story,4,7,1956,1956,Y,0,0,1,0,2,1,1,135750
78,8635,Inside,BrkSide,1Fam,1.5Fin,5,5,1948,2001,Y,1,0,1,0,2,1,1,127000
79,10778,Inside,Sawyer,Duplex,1Story,4,5,1968,1968,N,0,0,2,0,4,2,0,136500
80,10440,Corner,OldTown,1Fam,2Story,5,6,1910,1981,Y,0,0,1,1,2,1,2,110000
81,13000,Corner,NAmes,1Fam,2Story,6,6,1968,1968,Y,0,0,2,1,4,1,1,193500
82,4500,FR2,Mitchel,TwnhsE,1Story,6,5,1998,1998,Y,1,0,2,0,2,1,2,153500
83,10206,Inside,Somerst,1Fam,1Story,8,5,2007,2007,Y,0,0,2,0,3,1,3,245000
84,8892,Inside,NAmes,1Fam,1Story,5,5,1960,1960,Y,0,0,1,1,3,1,2,126500
85,8530,Inside,Gilbert,1Fam,SLvl,7,5,1995,1996,Y,0,0,2,1,3,1,2,168500
86,16059,Corner,NoRidge,1Fam,2Story,8,5,1991,1992,Y,0,0,2,1,4,1,2,260000
87,11911,Inside,Gilbert,1Fam,2Story,6,5,2005,2005,Y,0,0,2,1,3,1,2,174000
88,3951,Corner,Somerst,TwnhsE,2Story,6,5,2009,2009,Y,0,0,2,1,2,1,2,164500
89,8470,Corner,IDOTRR,1Fam,1.5Fin,3,2,1915,1982,N,0,0,1,0,2,1,0,85000
90,8070,Inside,CollgCr,1Fam,1Story,4,5,1994,1995,Y,1,0,1,0,3,1,0,123600
91,7200,Inside,NAmes,1Fam,1Story,4,5,1950,1950,Y,0,0,1,0,2,1,2,109900
92,8500,Inside,NAmes,1Fam,1Story,5,3,1961,1961,Y,0,0,1,0,2,1,2,98600
93,13360,Inside,Crawfor,1Fam,1Story,5,7,1921,2006,Y,1,0,1,0,2,1,2,163500
94,7200,Corner,OldTown,2fmCon,2.5Unf,6,6,1910,1998,N,0,1,2,0,4,2,2,133900
95,9337,Inside,CollgCr,1Fam,2Story,6,5,1997,1997,Y,1,0,2,1,3,1,2,204750
96,9765,Corner,Gilbert,1Fam,2Story,6,8,1993,1993,Y,0,0,2,1,3,1,2,185000
97,10264,Inside,CollgCr,1Fam,1Story,7,5,1999,1999,Y,0,0,2,0,3,1,2,214000
98,10921,Inside,Edwards,1Fam,1Story,4,5,1965,1965,Y,1,0,1,0,3,1,1,94750
99,10625,Corner,Edwards,1Fam,1Story,5,5,1920,1950,N,0,0,1,0,2,1,1,83000
100,9320,Inside,NAmes,1Fam,1Story,4,5,1959,1959,Y,1,0,1,1,3,1,0,128950
101,10603,Inside,NWAmes,1Fam,1Story,6,7,1977,2001,Y,1,0,2,0,3,1,2,205000
102,9206,Inside,SawyerW,1Fam,2Story,6,5,1985,1985,Y,0,0,2,1,3,1,2,178000
103,7018,Inside,SawyerW,Duplex,1Story,5,5,1979,1979,Y,0,0,2,0,4,2,2,118964
104,10402,Corner,CollgCr,1Fam,1Story,7,5,2009,2009,Y,0,0,2,0,3,1,3,198900
105,7758,Corner,IDOTRR,1Fam,1.5Fin,7,4,1931,1950,Y,0,0,1,1,4,1,1,169500
106,9375,Inside,Somerst,1Fam,2Story,8,5,2003,2004,Y,0,0,2,1,3,1,2,250000
107,10800,Inside,OldTown,1Fam,1Story,4,7,1885,1995,Y,0,0,1,0,2,1,1,100000
108,6000,Inside,OldTown,1Fam,1Story,5,5,1948,1950,Y,0,0,1,0,2,1,1,115000
109,8500,Corner,IDOTRR,1Fam,1.5Fin,5,7,1919,2005,N,0,0,2,0,3,1,0,115000
110,11751,Inside,NWAmes,1Fam,1Story,6,6,1977,1977,Y,0,0,2,0,3,1,2,190000
111,9525,Inside,Edwards,1Fam,1.5Fin,6,4,1954,1972,Y,0,0,2,0,4,1,1,136900
112,7750,Inside,Gilbert,1Fam,SLvl,7,5,2000,2000,Y,0,0,2,1,3,1,2,180000
113,9965,Inside,CollgCr,1Fam,2Story,7,5,2007,2007,Y,1,0,2,1,4,1,3,383970
114,21000,Corner,Crawfor,1Fam,1Story,6,5,1953,1953,Y,1,0,2,0,3,1,2,217000
115,7259,Inside,Crawfor,1Fam,2Story,6,8,1945,2002,Y,1,0,2,1,3,1,1,259500
116,3230,Corner,Somerst,TwnhsE,2Story,6,5,1999,1999,Y,0,0,2,1,2,1,2,176000
117,11616,Inside,Sawyer,1Fam,1Story,5,5,1962,1962,Y,0,1,1,0,3,1,1,139000
118,8536,Corner,Edwards,1Fam,1Story,5,5,2006,2007,Y,0,0,1,1,2,1,2,155000
119,12376,Corner,SawyerW,1Fam,2Story,7,5,1990,1990,Y,1,0,3,0,5,1,3,320000
120,8461,Inside,CollgCr,1Fam,2Story,6,5,2005,2006,Y,0,0,2,1,3,1,2,163990
121,21453,CulDSac,ClearCr,1Fam,SLvl,6,5,1969,1969,Y,1,0,1,0,1,1,2,180000
122,6060,Inside,IDOTRR,1Fam,1.5Fin,4,5,1939,1950,Y,0,0,1,0,3,1,1,100000
123,9464,Corner,NAmes,1Fam,1Story,6,7,1958,1958,Y,0,0,1,0,3,1,1,136000
124,7892,Inside,SawyerW,TwnhsE,1Story,6,5,1993,1993,Y,0,0,2,0,2,1,2,153900
125,17043,CulDSac,NWAmes,1Fam,1Story,6,5,1979,1998,Y,0,0,2,0,3,1,2,181000
126,6780,Inside,IDOTRR,2fmCon,1.5Fin,6,8,1935,1982,N,1,0,1,0,2,1,0,84500
127,4928,Inside,NPkVill,TwnhsE,1Story,6,5,1976,1976,Y,0,0,2,0,2,1,2,128000
128,4388,Inside,OldTown,1Fam,1.5Unf,5,7,1930,1950,Y,0,0,1,0,3,1,0,87000
129,7590,Inside,NAmes,1Fam,2Story,6,5,1966,1966,Y,0,0,1,1,3,1,2,155000
130,8973,Inside,NAmes,1Fam,1Story,5,7,1958,1991,Y,0,1,1,1,3,1,2,150000
131,14200,Corner,NAmes,1Fam,2Story,7,6,1966,1966,Y,0,0,2,1,4,1,2,226000
132,12224,Corner,Gilbert,1Fam,2Story,6,5,2000,2000,Y,1,0,2,1,3,1,2,244000
133,7388,Corner,NAmes,1Fam,1Story,5,6,1959,2002,Y,1,0,1,0,3,1,2,150750
134,6853,Inside,Timber,1Fam,1Story,8,5,2001,2002,Y,1,0,2,0,2,1,2,220000
135,10335,Inside,Sawyer,1Fam,1Story,5,6,1968,1993,Y,0,0,2,1,3,1,2,180000
136,10400,Inside,NWAmes,1Fam,1Story,7,6,1970,1970,Y,0,0,2,0,3,1,2,174000
137,10355,Corner,NAmes,1Fam,1Story,5,5,1967,1967,Y,0,0,2,0,3,1,1,143000
138,11070,Inside,Mitchel,Duplex,1Story,7,5,1988,1989,Y,0,0,3,0,5,2,3,171000
139,9066,Inside,CollgCr,1Fam,2Story,8,5,1999,2000,Y,0,0,2,1,3,1,3,230000
140,15426,Inside,CollgCr,1Fam,2Story,6,5,1997,1997,Y,1,0,2,1,3,1,2,231500
141,10500,FR2,NAmes,1Fam,1Story,4,5,1971,1971,Y,0,0,1,0,3,1,0,115000
142,11645,Inside,CollgCr,1Fam,1Story,7,5,2005,2005,Y,1,0,2,0,3,1,2,260000
143,8520,Corner,NAmes,1Fam,1.5Fin,5,4,1952,1952,Y,0,0,2,0,4,1,2,166000
144,10335,Inside,CollgCr,1Fam,1Story,7,5,1999,1999,Y,1,0,2,0,3,1,2,204000
145,9100,Inside,Sawyer,Duplex,1Story,5,5,1963,1963,Y,1,0,2,0,6,2,2,125000
146,2522,Inside,Edwards,Twnhs,2Story,6,5,2004,2006,Y,0,0,2,0,3,1,2,130000
147,6120,Corner,BrkSide,1Fam,1Story,5,7,1931,1993,Y,1,0,1,0,2,1,1,105000
148,9505,CulDSac,Gilbert,1Fam,2Story,7,5,2001,2001,Y,0,0,2,1,3,1,2,222500
149,7500,Inside,SawyerW,1Fam,1Story,7,5,2004,2005,Y,1,0,1,0,3,1,0,141000
150,6240,Inside,BrkSide,1Fam,1.5Fin,5,4,1936,1950,Y,0,0,1,0,3,1,1,115000
151,10356,Corner,CollgCr,1Fam,1Story,5,6,1975,1975,Y,0,0,1,1,3,1,2,122000
152,13891,Inside,NridgHt,1Fam,1Story,8,5,2007,2008,Y,1,0,2,0,2,1,3,372402
153,14803,CulDSac,NWAmes,1Fam,2Story,6,5,1971,1971,Y,0,0,2,1,4,1,2,190000
154,13500,Inside,ClearCr,1Fam,1Story,6,7,1960,1975,Y,1,0,1,0,1,1,2,235000
155,11340,Corner,OldTown,1Fam,1Story,6,5,1923,1950,Y,0,0,1,0,4,1,1,125000
156,9600,Corner,Edwards,1Fam,1.5Fin,6,5,1924,1950,N,0,0,1,0,2,1,0,79000
157,7200,Inside,NAmes,1Fam,1Story,5,7,1950,1950,Y,0,0,1,0,2,1,2,109500
158,12003,Corner,Timber,1Fam,2Story,8,5,2009,2010,Y,0,0,2,1,4,1,3,269500
159,12552,Corner,Somerst,1Fam,2Story,7,5,2004,2005,Y,0,0,2,1,3,1,2,254900
160,19378,Corner,Gilbert,1Fam,2Story,7,5,2005,2006,Y,1,0,2,1,4,1,2,320000
161,11120,CulDSac,Veenker,1Fam,1Story,6,6,1984,1984,Y,0,0,2,0,3,1,2,162500
162,13688,Inside,NridgHt,1Fam,2Story,9,5,2003,2004,Y,1,0,2,1,3,1,3,412500
163,12182,Corner,NridgHt,1Fam,1Story,7,5,2005,2005,Y,0,0,2,0,3,1,2,220000
164,5500,Inside,OldTown,1Fam,1.5Unf,4,6,1956,1956,Y,0,0,1,0,1,1,0,103200
165,5400,Corner,OldTown,1Fam,1Story,6,7,1926,2004,Y,0,0,2,0,3,1,1,152000
166,10106,Inside,Edwards,2fmCon,1.5Fin,5,7,1940,1999,Y,1,0,2,0,4,2,0,127500
167,10708,Inside,ClearCr,1Fam,1Story,5,5,1955,1993,Y,1,0,1,0,2,1,1,190000
168,10562,Inside,NridgHt,1Fam,2Story,8,5,2007,2007,Y,1,0,1,1,3,1,3,325624
169,8244,Inside,Gilbert,1Fam,2Story,7,5,2004,2004,Y,0,0,2,1,3,1,2,183500
170,16669,Corner,Timber,1Fam,1Story,8,6,1981,1981,Y,0,0,2,1,2,1,2,228000
171,12358,Inside,OldTown,1Fam,1.5Fin,5,6,1941,1950,Y,0,0,1,1,2,1,2,128500
172,31770,Corner,NAmes,1Fam,1Story,6,5,1960,1960,Y,1,0,1,0,3,1,2,215000
173,5306,Inside,StoneBr,TwnhsE,2Story,7,7,1987,1987,Y,1,0,2,0,2,1,2,239000
174,10197,Inside,NAmes,1Fam,1Story,6,5,1961,1961,Y,1,0,1,1,3,1,2,163000
175,12416,Inside,Timber,1Fam,1Story,6,5,1986,1986,Y,1,0,2,0,3,1,2,184000
176,12615,Corner,Edwards,1Fam,1Story,6,7,1950,2001,Y,1,0,2,0,4,1,2,243000
177,10029,Corner,ClearCr,1Fam,2Story,6,5,1988,1989,Y,0,1,2,1,4,1,2,211000
178,13650,Inside,Sawyer,1Fam,1.5Fin,5,5,1958,1958,Y,1,0,2,0,4,1,2,172500
179,17423,CulDSac,StoneBr,1Fam,1Story,9,5,2008,2009,Y,1,0,2,0,1,1,3,501837
180,8520,Inside,OldTown,1Fam,1Story,5,6,1923,2006,Y,0,0,1,0,2,1,2,100000
181,2117,Inside,Somerst,Twnhs,2Story,6,5,2000,2000,Y,0,0,2,1,3,1,2,177000
182,7588,Inside,Crawfor,1Fam,2Story,7,6,1920,1950,Y,0,0,1,1,4,1,1,200100
183,9060,Inside,Edwards,1Fam,1Story,5,6,1957,2006,Y,0,0,1,0,3,1,1,120000
184,11426,Inside,OldTown,1Fam,1.5Fin,7,5,2003,2003,Y,0,0,2,1,3,1,2,200000
185,7438,Inside,BrkSide,1Fam,1.5Fin,5,8,1908,1991,Y,0,0,1,0,3,1,2,127000
186,22950,Inside,OldTown,1Fam,2.5Fin,10,9,1892,1993,Y,0,0,2,1,4,1,3,475000
187,9947,CulDSac,Mitchel,1Fam,SLvl,7,5,1990,1991,Y,1,0,2,0,3,1,2,173000
188,10410,Inside,OldTown,1Fam,1.5Fin,5,7,1916,1987,Y,0,0,2,1,3,1,1,135000
189,7018,Inside,SawyerW,Duplex,SFoyer,5,5,1979,1979,Y,2,0,0,2,2,2,2,153337
190,4923,Inside,StoneBr,TwnhsE,1Story,8,5,2001,2002,Y,1,0,1,1,0,1,2,286000
191,10570,Inside,Crawfor,1Fam,2Story,8,8,1932,1994,Y,0,0,2,1,3,1,2,315000
192,7472,CulDSac,NAmes,1Fam,2Story,7,9,1972,2004,Y,1,0,1,1,4,1,2,184000
193,9017,Inside,CollgCr,1Fam,1Story,7,5,1999,1999,Y,1,0,2,0,3,1,2,192000
194,2522,Inside,Edwards,Twnhs,2Story,7,5,2004,2004,Y,0,0,2,0,3,1,2,130000
195,7180,Inside,CollgCr,1Fam,1Story,5,7,1972,1972,Y,0,0,1,0,3,1,1,127000
196,2280,FR2,NPkVill,Twnhs,2Story,6,6,1976,1976,Y,0,0,2,1,3,1,2,148500
197,9416,Inside,Somerst,1Fam,1Story,7,5,2007,2007,Y,1,0,2,0,3,1,3,311872
198,25419,Corner,NAmes,1Fam,2Story,8,4,1918,1990,Y,1,1,2,0,4,1,2,235000
199,5520,Corner,OldTown,1Fam,2.5Fin,6,6,1912,1950,Y,0,0,1,0,5,1,0,104000
200,9591,Inside,NridgHt,1Fam,1Story,8,5,2004,2005,Y,1,0,2,0,3,1,3,274900
201,8546,Corner,Edwards,1Fam,1Story,4,5,2003,2004,Y,0,0,2,0,2,1,2,140000
202,10125,Inside,Mitchel,1Fam,1Story,6,6,1977,1977,Y,0,1,2,0,3,1,2,171500
203,7000,Corner,OldTown,1Fam,1.5Fin,6,6,1924,1950,Y,0,0,2,0,2,1,1,112000
204,4438,Inside,CollgCr,TwnhsE,1Story,6,5,2004,2004,Y,1,0,1,0,1,1,2,149000
205,3500,Inside,OldTown,1Fam,1.5Fin,5,7,1947,1950,Y,0,0,1,1,2,1,1,110000
206,11851,Corner,Gilbert,1Fam,1Story,7,5,1990,1990,Y,0,0,2,0,3,1,2,180500
207,13673,CulDSac,Sawyer,1Fam,1Story,5,5,1962,1962,Y,0,0,1,1,3,1,1,143900
208,12493,Inside,NAmes,1Fam,1Story,4,5,1960,1960,Y,1,0,1,0,3,1,1,141000
209,14364,Inside,SawyerW,1Fam,2Story,7,5,1988,1989,Y,1,0,2,1,3,1,2,277000
210,8250,Inside,NAmes,1Fam,1Story,6,7,1964,1964,Y,1,0,1,0,3,1,2,145000
211,5604,Inside,Edwards,1Fam,1Story,5,6,1925,1950,N,1,0,1,0,2,1,0,98000
212,10420,Corner,Edwards,1Fam,1Story,6,5,2009,2009,Y,0,0,2,0,3,1,2,186000
213,8640,Inside,Somerst,1Fam,2Story,7,5,2009,2009,Y,1,0,2,1,3,1,2,252678
214,13568,CulDSac,CollgCr,1Fam,1Story,5,5,1995,1995,Y,0,1,1,0,3,1,2,156000
215,10900,FR2,CollgCr,1Fam,2Story,6,7,1977,1977,Y,0,0,1,1,3,1,1,161750
216,10011,Inside,NAmes,1Fam,1Story,5,6,1957,1996,Y,0,1,1,0,2,1,1,134450
217,8450,Inside,CollgCr,1Fam,1Story,7,5,2004,2004,Y,1,0,2,0,3,1,2,210000
218,9906,Inside,OldTown,1Fam,2Story,4,4,1925,1950,N,0,0,1,0,3,1,1,107000
219,15660,Corner,Crawfor,1Fam,1.5Fin,7,9,1939,2006,Y,0,1,1,1,3,1,2,311500
220,3010,Inside,Blmngtn,TwnhsE,1Story,7,5,2005,2006,Y,0,0,2,0,2,1,2,167240
221,8990,Inside,CollgCr,1Fam,1Story,7,5,2006,2006,Y,0,0,2,0,2,1,2,204900
222,8068,Inside,Gilbert,1Fam,2Story,6,5,2002,2002,Y,0,0,2,1,4,1,2,200000
223,11475,Inside,NWAmes,1Fam,2Story,6,6,1975,1975,Y,1,0,2,1,3,1,2,179900
224,10500,FR2,NAmes,1Fam,1Story,4,6,1971,1971,Y,0,0,1,0,2,1,2,97000
225,13472,Inside,NridgHt,1Fam,1Story,10,5,2003,2003,Y,0,0,2,0,3,1,3,386250
226,1680,Inside,BrDale,Twnhs,2Story,5,5,1971,1971,Y,0,0,2,1,3,1,1,112000
227,9950,Inside,NoRidge,1Fam,2Story,7,5,1995,1995,Y,0,0,2,1,4,1,3,290000
228,1869,Inside,BrDale,Twnhs,2Story,6,6,1970,1970,Y,0,0,1,1,2,1,1,106000
229,8521,FR2,Sawyer,1Fam,1Story,5,5,1967,1967,Y,0,0,1,0,3,1,1,125000
230,3182,Inside,Blmngtn,TwnhsE,1Story,7,5,2005,2006,Y,0,0,2,0,2,1,2,192500
231,8760,Inside,NAmes,1Fam,1Story,6,6,1959,1959,Y,1,0,1,0,3,1,1,148000
232,15138,Inside,NoRidge,1Fam,2Story,8,5,1995,1996,Y,1,0,2,1,4,1,3,403000
233,1680,Inside,BrDale,Twnhs,2Story,6,5,1972,1972,Y,0,0,1,1,2,1,1,94500
234,10650,Corner,CollgCr,1Fam,1Story,5,6,1976,1976,Y,1,0,1,0,3,1,1,128200
235,7851,Inside,Gilbert,1Fam,2Story,6,5,2002,2002,Y,1,0,2,1,4,1,2,216500
236,1680,Inside,BrDale,TwnhsE,2Story,6,3,1971,1971,Y,0,0,1,1,2,1,1,89500
237,8773,FR2,CollgCr,1Fam,1Story,7,5,2004,2004,Y,0,0,2,0,3,1,2,185500
238,9453,CulDSac,SawyerW,1Fam,2Story,7,7,1993,2003,Y,0,0,2,1,3,1,2,194500
239,12030,Inside,NridgHt,1Fam,1Story,8,5,2007,2007,Y,0,0,2,0,3,1,3,318000
240,8741,Inside,Edwards,1Fam,1.5Fin,6,4,1945,1950,Y,0,0,1,1,3,1,1,113000
241,9000,Inside,Somerst,1Fam,1Story,8,5,2008,2008,Y,1,0,2,0,3,1,2,262500
242,3880,Inside,OldTown,1Fam,1Story,5,9,1945,1997,Y,0,0,1,0,2,1,0,110500
243,5000,Corner,OldTown,1Fam,1.5Fin,5,4,1900,1950,N,0,0,1,0,3,1,1,79000
244,10762,Corner,SawyerW,TwnhsE,2Story,6,6,1980,1980,Y,0,0,1,1,3,1,1,120000
245,8880,Inside,SawyerW,1Fam,2Story,7,5,1994,2002,Y,1,0,2,1,3,1,2,205000
246,10400,Inside,NWAmes,1Fam,1Story,7,5,1988,1988,Y,0,1,2,0,3,1,2,241500
247,9142,Inside,OldTown,2fmCon,2Story,6,8,1910,1950,N,0,0,2,0,4,2,1,137000
248,11310,Inside,NAmes,1Fam,1Story,6,5,1954,1954,Y,0,0,1,0,2,1,2,140000
249,11317,Inside,CollgCr,1Fam,2Story,7,5,2003,2003,Y,0,0,2,1,3,1,2,180000
250,159000,CulDSac,ClearCr,1Fam,1.5Fin,6,7,1958,2006,Y,0,1,2,0,4,1,2,277000
251,5350,Inside,BrkSide,1Fam,1Story,3,2,1940,1966,Y,0,0,1,0,3,1,0,76500
252,4750,Inside,Crawfor,TwnhsE,1Story,8,5,2006,2007,Y,1,1,2,0,2,1,2,235000
253,8366,Inside,SawyerW,1Fam,2Story,6,5,2004,2004,Y,0,0,2,1,3,1,2,173000
254,9350,Inside,NAmes,1Fam,SLvl,6,7,1964,1991,Y,0,1,2,0,3,1,1,158000
255,8400,Inside,NAmes,1Fam,1Story,5,6,1957,1957,Y,1,0,1,0,3,1,1,145000
256,8738,Inside,Gilbert,1Fam,2Story,7,5,1999,1999,Y,0,0,2,1,4,1,2,230000
257,8791,Inside,Somerst,1Fam,2Story,6,5,2003,2003,Y,0,0,2,1,3,1,2,207500
258,8814,Inside,CollgCr,1Fam,1Story,7,5,2006,2006,Y,1,0,2,1,3,1,2,220000
259,12435,Inside,CollgCr,1Fam,2Story,7,5,2001,2001,Y,0,0,2,1,3,1,2,231500
260,12702,Inside,OldTown,1Fam,1Story,5,5,1956,1956,Y,0,0,1,0,2,1,1,97000
261,19296,Corner,NAmes,1Fam,SLvl,6,5,1962,1962,Y,1,0,1,0,3,1,2,176000
262,9588,Inside,CollgCr,1Fam,2Story,8,5,2007,2007,Y,0,0,2,1,3,1,3,276000
263,8471,Corner,Sawyer,1Fam,SLvl,6,7,1977,1995,Y,1,0,1,0,3,1,2,151000
264,5500,Corner,OldTown,1Fam,1.5Fin,5,7,1929,2001,Y,1,0,1,0,3,1,2,130000
265,5232,Inside,OldTown,1Fam,1Story,5,5,1925,2004,N,0,0,1,0,2,1,2,73000
266,12090,Inside,NWAmes,1Fam,1Story,6,6,1981,1981,Y,0,0,2,0,3,1,2,175500
267,11207,FR2,Gilbert,1Fam,2Story,6,5,1997,1997,Y,1,0,2,1,3,1,2,185000
268,8400,Inside,SWISU,1Fam,2.5Fin,5,8,1939,1997,Y,0,0,2,1,4,1,1,179500
269,6900,Inside,IDOTRR,1Fam,1Story,5,6,1940,1955,Y,0,0,1,0,2,1,1,120500
270,7917,Corner,Edwards,1Fam,1Story,6,7,1976,1976,Y,1,0,1,1,3,1,1,148000
271,10728,Inside,Somerst,1Fam,2Story,8,5,2006,2006,Y,0,0,2,1,3,1,3,266000
272,39104,CulDSac,ClearCr,1Fam,1Story,7,7,1954,2005,Y,1,0,1,0,2,1,2,241500
273,11764,CulDSac,NoRidge,1Fam,2Story,8,7,1999,2007,Y,0,0,2,1,4,1,3,290000
274,9600,Inside,NAmes,1Fam,1Story,6,6,1958,1988,Y,1,0,2,0,3,1,1,139000
275,8314,Corner,Mitchel,1Fam,1Story,5,7,1982,1982,Y,0,0,1,0,2,1,1,124500
276,7264,Inside,BrkSide,1Fam,1.5Fin,7,7,1925,2007,N,0,0,2,1,3,1,2,205000
277,9196,Inside,Mitchel,1Fam,1Story,7,5,2003,2003,Y,0,0,2,0,3,1,2,201000
278,19138,Corner,Gilbert,1Fam,1Story,4,5,1951,1951,Y,0,0,1,0,2,1,2,141000
279,14450,Inside,NridgHt,1Fam,1Story,9,5,2006,2007,Y,0,0,2,1,3,1,3,415298
280,10005,Inside,ClearCr,1Fam,2Story,7,5,1977,1977,Y,0,0,2,1,4,1,2,192000
281,11287,Inside,SawyerW,1Fam,2Story,7,6,1989,1989,Y,0,0,2,1,3,1,2,228500
282,7200,Inside,Somerst,1Fam,1Story,6,5,2006,2006,Y,0,0,2,0,2,1,2,185000
283,5063,Inside,NridgHt,Twnhs,1Story,7,5,2007,2008,Y,1,0,2,0,2,1,2,207500
284,9612,Inside,Somerst,1Fam,1Story,8,5,2008,2009,Y,0,0,2,0,3,1,3,244600
285,8012,Inside,SawyerW,TwnhsE,1Story,6,5,1992,1992,Y,1,0,2,0,2,1,2,179200
286,4251,Inside,Somerst,TwnhsE,2Story,7,5,2006,2007,Y,0,0,2,1,2,1,2,164700
287,9786,Inside,NAmes,1Fam,1.5Fin,6,7,1962,1981,Y,0,0,1,1,3,1,2,159000
288,8125,Corner,NAmes,1Fam,1Story,4,4,1971,1971,Y,0,0,1,0,3,1,0,88000
289,9819,Inside,Sawyer,1Fam,1Story,5,5,1967,1967,Y,0,0,1,0,3,1,1,122000
290,8730,Inside,BrkSide,1Fam,2Story,6,7,1915,2003,Y,0,0,1,0,3,1,1,153575
291,15611,Inside,CollgCr,1Fam,2Story,8,5,2006,2006,Y,0,0,2,1,3,1,2,233230
292,5687,Inside,SWISU,2fmCon,2Story,5,6,1912,2000,N,1,0,2,0,6,1,0,135900
,,,,,,,,,,,,,,,,,,131000
,,,,,,,,,,,,,,,,,,235000
,,,,,,,,,,,,,,,,,,167000
,,,,,,,,,,,,,,,,,,142500
,,,,,,,,,,,,,,,,,,152000
,,,,,,,,,,,,,,,,,,239000
,,,,,,,,,,,,,,,,,,175000
,,,,,,,,,,,,,,,,,,158500
,,,,,,,,,,,,,,,,,,157000
,,,,,,,,,,,,,,,,,,267000
,,,,,,,,,,,,,,,,,,205000
,,,,,,,,,,,,,,,,,,149900
,,,,,,,,,,,,,,,,,,295000
,,,,,,,,,,,,,,,,,,305900
,,,,,,,,,,,,,,,,,,225000
,,,,,,,,,,,,,,,,,,89500
,,,,,,,,,,,,,,,,,,82500
,,,,,,,,,,,,,,,,,,360000
,,,,,,,,,,,,,,,,,,165600
,,,,,,,,,,,,,,,,,,132000
,,,,,,,,,,,,,,,,,,119900
,,,,,,,,,,,,,,,,,,375000
,,,,,,,,,,,,,,,,,,178000
,,,,,,,,,,,,,,,,,,188500
,,,,,,,,,,,,,,,,,,260000
,,,,,,,,,,,,,,,,,,270000
,,,,,,,,,,,,,,,,,,260000
,,,,,,,,,,,,,,,,,,187500
,,,,,,,,,,,,,,,,,,342643
,,,,,,,,,,,,,,,,,,354000
,,,,,,,,,,,,,,,,,,301000
,,,,,,,,,,,,,,,,,,126175
,,,,,,,,,,,,,,,,,,242000
,,,,,,,,,,,,,,,,,,87000
,,,,,,,,,,,,,,,,,,324000
,,,,,,,,,,,,,,,,,,145250
,,,,,,,,,,,,,,,,,,214500
,,,,,,,,,,,,,,,,,,78000
,,,,,,,,,,,,,,,,,,119000
,,,,,,,,,,,,,,,,,,139000
,,,,,,,,,,,,,,,,,,284000
,,,,,,,,,,,,,,,,,,207000
,,,,,,,,,,,,,,,,,,192000
,,,,,,,,,,,,,,,,,,228950
,,,,,,,,,,,,,,,,,,377426
,,,,,,,,,,,,,,,,,,214000
,,,,,,,,,,,,,,,,,,202500
,,,,,,,,,,,,,,,,,,155000
,,,,,,,,,,,,,,,,,,202900
,,,,,,,,,,,,,,,,,,82000
,,,,,,,,,,,,,,,,,,87500
,,,,,,,,,,,,,,,,,,266000
,,,,,,,,,,,,,,,,,,85000
,,,,,,,,,,,,,,,,,,140200
,,,,,,,,,,,,,,,,,,151500
,,,,,,,,,,,,,,,,,,157500
,,,,,,,,,,,,,,,,,,154000
,,,,,,,,,,,,,,,,,,437154
,,,,,,,,,,,,,,,,,,318061
,,,,,,,,,,,,,,,,,,190000
,,,,,,,,,,,,,,,,,,95000
,,,,,,,,,,,,,,,,,,105900
,,,,,,,,,,,,,,,,,,140000
,,,,,,,,,,,,,,,,,,177500
,,,,,,,,,,,,,,,,,,173000
,,,,,,,,,,,,,,,,,,134000
,,,,,,,,,,,,,,,,,,130000
,,,,,,,,,,,,,,,,,,280000
,,,,,,,,,,,,,,,,,,156000
,,,,,,,,,,,,,,,,,,145000
,,,,,,,,,,,,,,,,,,198500
,,,,,,,,,,,,,,,,,,118000
,,,,,,,,,,,,,,,,,,190000
,,,,,,,,,,,,,,,,,,147000
,,,,,,,,,,,,,,,,,,159000
,,,,,,,,,,,,,,,,,,165000
,,,,,,,,,,,,,,,,,,132000
,,,,,,,,,,,,,,,,,,162000
,,,,,,,,,,,,,,,,,,172400
,,,,,,,,,,,,,,,,,,134432
,,,,,,,,,,,,,,,,,,125000
,,,,,,,,,,,,,,,,,,123000
,,,,,,,,,,,,,,,,,,219500
,,,,,,,,,,,,,,,,,,61000
,,,,,,,,,,,,,,,,,,148000
,,,,,,,,,,,,,,,,,,340000
,,,,,,,,,,,,,,,,,,394432
,,,,,,,,,,,,,,,,,,179000
,,,,,,,,,,,,,,,,,,127000
,,,,,,,,,,,,,,,,,,187750
,,,,,,,,,,,,,,,,,,213500
,,,,,,,,,,,,,,,,,,76000
,,,,,,,,,,,,,,,,,,240000
,,,,,,,,,,,,,,,,,,192000
,,,,,,,,,,,,,,,,,,81000
,,,,,,,,,,,,,,,,,,125000
,,,,,,,,,,,,,,,,,,191000
,,,,,,,,,,,,,,,,,,426000
,,,,,,,,,,,,,,,,,,119000
,,,,,,,,,,,,,,,,,,215000
,,,,,,,,,,,,,,,,,,106500
,,,,,,,,,,,,,,,,,,100000
,,,,,,,,,,,,,,,,,,109000
,,,,,,,,,,,,,,,,,,129000
,,,,,,,,,,,,,,,,,,123000
,,,,,,,,,,,,,,,,,,169500
,,,,,,,,,,,,,,,,,,67000
,,,,,,,,,,,,,,,,,,241000
,,,,,,,,,,,,,,,,,,245500
,,,,,,,,,,,,,,,,,,164990
,,,,,,,,,,,,,,,,,,108000
,,,,,,,,,,,,,,,,,,258000
,,,,,,,,,,,,,,,,,,168000
,,,,,,,,,,,,,,,,,,150000
,,,,,,,,,,,,,,,,,,115000
,,,,,,,,,,,,,,,,,,177000
,,,,,,,,,,,,,,,,,,280000
,,,,,,,,,,,,,,,,,,339750
,,,,,,,,,,,,,,,,,,60000
,,,,,,,,,,,,,,,,,,145000
,,,,,,,,,,,,,,,,,,222000
,,,,,,,,,,,,,,,,,,115000
,,,,,,,,,,,,,,,,,,228000
,,,,,,,,,,,,,,,,,,181134
,,,,,,,,,,,,,,,,,,149500
,,,,,,,,,,,,,,,,,,239000
,,,,,,,,,,,,,,,,,,126000
,,,,,,,,,,,,,,,,,,142000
,,,,,,,,,,,,,,,,,,206300
,,,,,,,,,,,,,,,,,,215000
,,,,,,,,,,,,,,,,,,113000
,,,,,,,,,,,,,,,,,,315000
,,,,,,,,,,,,,,,,,,139000
,,,,,,,,,,,,,,,,,,135000
,,,,,,,,,,,,,,,,,,275000
,,,,,,,,,,,,,,,,,,109008
,,,,,,,,,,,,,,,,,,195400
,,,,,,,,,,,,,,,,,,175000
,,,,,,,,,,,,,,,,,,85400
,,,,,,,,,,,,,,,,,,79900
,,,,,,,,,,,,,,,,,,122500
,,,,,,,,,,,,,,,,,,181000
,,,,,,,,,,,,,,,,,,81000
,,,,,,,,,,,,,,,,,,212000
,,,,,,,,,,,,,,,,,,116000
,,,,,,,,,,,,,,,,,,119000
,,,,,,,,,,,,,,,,,,90350
,,,,,,,,,,,,,,,,,,110000
,,,,,,,,,,,,,,,,,,555000
,,,,,,,,,,,,,,,,,,118000
,,,,,,,,,,,,,,,,,,162900
,,,,,,,,,,,,,,,,,,172500
,,,,,,,,,,,,,,,,,,210000
,,,,,,,,,,,,,,,,,,127500
,,,,,,,,,,,,,,,,,,190000
,,,,,,,,,,,,,,,,,,199900
,,,,,,,,,,,,,,,,,,119500
,,,,,,,,,,,,,,,,,,120000
,,,,,,,,,,,,,,,,,,110000
,,,,,,,,,,,,,,,,,,280000
,,,,,,,,,,,,,,,,,,204000
,,,,,,,,,,,,,,,,,,210000
,,,,,,,,,,,,,,,,,,188000
,,,,,,,,,,,,,,,,,,175500
,,,,,,,,,,,,,,,,,,98000
,,,,,,,,,,,,,,,,,,256000
,,,,,,,,,,,,,,,,,,161000
,,,,,,,,,,,,,,,,,,110000
,,,,,,,,,,,,,,,,,,263435
,,,,,,,,,,,,,,,,,,155000
,,,,,,,,,,,,,,,,,,62383
,,,,,,,,,,,,,,,,,,188700
,,,,,,,,,,,,,,,,,,124000
,,,,,,,,,,,,,,,,,,178740
,,,,,,,,,,,,,,,,,,167000
,,,,,,,,,,,,,,,,,,146500
,,,,,,,,,,,,,,,,,,250000
,,,,,,,,,,,,,,,,,,187000
,,,,,,,,,,,,,,,,,,212000
,,,,,,,,,,,,,,,,,,190000
,,,,,,,,,,,,,,,,,,148000
,,,,,,,,,,,,,,,,,,440000
,,,,,,,,,,,,,,,,,,251000
,,,,,,,,,,,,,,,,,,132500
,,,,,,,,,,,,,,,,,,208900
,,,,,,,,,,,,,,,,,,380000
,,,,,,,,,,,,,,,,,,297000
,,,,,,,,,,,,,,,,,,89471
,,,,,,,,,,,,,,,,,,326000
,,,,,,,,,,,,,,,,,,374000
,,,,,,,,,,,,,,,,,,155000
,,,,,,,,,,,,,,,,,,164000
,,,,,,,,,,,,,,,,,,132500
,,,,,,,,,,,,,,,,,,147000
,,,,,,,,,,,,,,,,,,156000
,,,,,,,,,,,,,,,,,,175000
,,,,,,,,,,,,,,,,,,160000
,,,,,,,,,,,,,,,,,,86000
,,,,,,,,,,,,,,,,,,115000
,,,,,,,,,,,,,,,,,,133000
,,,,,,,,,,,,,,,,,,172785
,,,,,,,,,,,,,,,,,,155000
,,,,,,,,,,,,,,,,,,91300
,,,,,,,,,,,,,,,,,,34900
,,,,,,,,,,,,,,,,,,430000
,,,,,,,,,,,,,,,,,,184000
,,,,,,,,,,,,,,,,,,130000
,,,,,,,,,,,,,,,,,,120000
,,,,,,,,,,,,,,,,,,113000
,,,,,,,,,,,,,,,,,,226700
,,,,,,,,,,,,,,,,,,140000
,,,,,,,,,,,,,,,,,,289000
,,,,,,,,,,,,,,,,,,147000
,,,,,,,,,,,,,,,,,,124500
,,,,,,,,,,,,,,,,,,215000
,,,,,,,,,,,,,,,,,,208300
,,,,,,,,,,,,,,,,,,161000
,,,,,,,,,,,,,,,,,,124500
,,,,,,,,,,,,,,,,,,164900
,,,,,,,,,,,,,,,,,,202665
,,,,,,,,,,,,,,,,,,129900
,,,,,,,,,,,,,,,,,,134000
,,,,,,,,,,,,,,,,,,96500
,,,,,,,,,,,,,,,,,,402861
,,,,,,,,,,,,,,,,,,158000
,,,,,,,,,,,,,,,,,,265000
,,,,,,,,,,,,,,,,,,211000
,,,,,,,,,,,,,,,,,,234000
,,,,,,,,,,,,,,,,,,106250
,,,,,,,,,,,,,,,,,,150000
,,,,,,,,,,,,,,,,,,159000
,,,,,,,,,,,,,,,,,,184750
,,,,,,,,,,,,,,,,,,315750
,,,,,,,,,,,,,,,,,,176000
,,,,,,,,,,,,,,,,,,132000
,,,,,,,,,,,,,,,,,,446261
,,,,,,,,,,,,,,,,,,86000
,,,,,,,,,,,,,,,,,,200624
,,,,,,,,,,,,,,,,,,175000
,,,,,,,,,,,,,,,,,,128000
,,,,,,,,,,,,,,,,,,107500
,,,,,,,,,,,,,,,,,,39300
,,,,,,,,,,,,,,,,,,178000
,,,,,,,,,,,,,,,,,,107500
,,,,,,,,,,,,,,,,,,188000
,,,,,,,,,,,,,,,,,,111250
,,,,,,,,,,,,,,,,,,158000
,,,,,,,,,,,,,,,,,,272000
,,,,,,,,,,,,,,,,,,315000
,,,,,,,,,,,,,,,,,,248000
,,,,,,,,,,,,,,,,,,213250
,,,,,,,,,,,,,,,,,,133000
,,,,,,,,,,,,,,,,,,179665
,,,,,,,,,,,,,,,,,,229000
,,,,,,,,,,,,,,,,,,210000
,,,,,,,,,,,,,,,,,,129500
,,,,,,,,,,,,,,,,,,125000
,,,,,,,,,,,,,,,,,,263000
,,,,,,,,,,,,,,,,,,140000
,,,,,,,,,,,,,,,,,,112500
,,,,,,,,,,,,,,,,,,255500
,,,,,,,,,,,,,,,,,,108000
,,,,,,,,,,,,,,,,,,284000
,,,,,,,,,,,,,,,,,,113000
,,,,,,,,,,,,,,,,,,141000
,,,,,,,,,,,,,,,,,,108000
,,,,,,,,,,,,,,,,,,175000
,,,,,,,,,,,,,,,,,,234000
,,,,,,,,,,,,,,,,,,121500
,,,,,,,,,,,,,,,,,,170000
,,,,,,,,,,,,,,,,,,108000
,,,,,,,,,,,,,,,,,,185000
,,,,,,,,,,,,,,,,,,268000
,,,,,,,,,,,,,,,,,,128000
,,,,,,,,,,,,,,,,,,325000
,,,,,,,,,,,,,,,,,,214000
,,,,,,,,,,,,,,,,,,316600
,,,,,,,,,,,,,,,,,,135960
,,,,,,,,,,,,,,,,,,142600
,,,,,,,,,,,,,,,,,,120000
,,,,,,,,,,,,,,,,,,224500
,,,,,,,,,,,,,,,,,,170000
,,,,,,,,,,,,,,,,,,139000
,,,,,,,,,,,,,,,,,,118500
,,,,,,,,,,,,,,,,,,145000
,,,,,,,,,,,,,,,,,,164500
,,,,,,,,,,,,,,,,,,146000
,,,,,,,,,,,,,,,,,,131500
,,,,,,,,,,,,,,,,,,181900
,,,,,,,,,,,,,,,,,,253293
,,,,,,,,,,,,,,,,,,118500
,,,,,,,,,,,,,,,,,,325000
,,,,,,,,,,,,,,,,,,133000
,,,,,,,,,,,,,,,,,,369900
,,,,,,,,,,,,,,,,,,130000
,,,,,,,,,,,,,,,,,,137000
,,,,,,,,,,,,,,,,,,143000
,,,,,,,,,,,,,,,,,,79500
,,,,,,,,,,,,,,,,,,185900
,,,,,,,,,,,,,,,,,,451950
,,,,,,,,,,,,,,,,,,138000
,,,,,,,,,,,,,,,,,,140000
,,,,,,,,,,,,,,,,,,110000
,,,,,,,,,,,,,,,,,,319000
,,,,,,,,,,,,,,,,,,114504
,,,,,,,,,,,,,,,,,,194201
,,,,,,,,,,,,,,,,,,217500
,,,,,,,,,,,,,,,,,,151000
,,,,,,,,,,,,,,,,,,275000
,,,,,,,,,,,,,,,,,,141000
,,,,,,,,,,,,,,,,,,220000
,,,,,,,,,,,,,,,,,,151000
,,,,,,,,,,,,,,,,,,221000
,,,,,,,,,,,,,,,,,,205000
,,,,,,,,,,,,,,,,,,152000
,,,,,,,,,,,,,,,,,,225000
,,,,,,,,,,,,,,,,,,359100
,,,,,,,,,,,,,,,,,,118500
,,,,,,,,,,,,,,,,,,313000
,,,,,,,,,,,,,,,,,,148000
,,,,,,,,,,,,,,,,,,261500
,,,,,,,,,,,,,,,,,,147000
,,,,,,,,,,,,,,,,,,75500
,,,,,,,,,,,,,,,,,,137500
,,,,,,,,,,,,,,,,,,183200
,,,,,,,,,,,,,,,,,,105500
,,,,,,,,,,,,,,,,,,314813
,,,,,,,,,,,,,,,,,,305000
,,,,,,,,,,,,,,,,,,67000
,,,,,,,,,,,,,,,,,,240000
,,,,,,,,,,,,,,,,,,135000
,,,,,,,,,,,,,,,,,,168500
,,,,,,,,,,,,,,,,,,165150
,,,,,,,,,,,,,,,,,,160000
,,,,,,,,,,,,,,,,,,139900
,,,,,,,,,,,,,,,,,,153000
,,,,,,,,,,,,,,,,,,135000
,,,,,,,,,,,,,,,,,,168500
,,,,,,,,,,,,,,,,,,124000
,,,,,,,,,,,,,,,,,,209500
,,,,,,,,,,,,,,,,,,82500
,,,,,,,,,,,,,,,,,,139400
,,,,,,,,,,,,,,,,,,144000
,,,,,,,,,,,,,,,,,,200000
,,,,,,,,,,,,,,,,,,60000
,,,,,,,,,,,,,,,,,,93000
,,,,,,,,,,,,,,,,,,85000
,,,,,,,,,,,,,,,,,,264561
,,,,,,,,,,,,,,,,,,274000
,,,,,,,,,,,,,,,,,,226000
,,,,,,,,,,,,,,,,,,345000
,,,,,,,,,,,,,,,,,,152000
,,,,,,,,,,,,,,,,,,370878
,,,,,,,,,,,,,,,,,,143250
,,,,,,,,,,,,,,,,,,98300
,,,,,,,,,,,,,,,,,,155000
,,,,,,,,,,,,,,,,,,155000
,,,,,,,,,,,,,,,,,,84500
,,,,,,,,,,,,,,,,,,205950
,,,,,,,,,,,,,,,,,,108000
,,,,,,,,,,,,,,,,,,191000
,,,,,,,,,,,,,,,,,,135000
,,,,,,,,,,,,,,,,,,350000
,,,,,,,,,,,,,,,,,,88000
,,,,,,,,,,,,,,,,,,145500
,,,,,,,,,,,,,,,,,,149000
,,,,,,,,,,,,,,,,,,97500
,,,,,,,,,,,,,,,,,,167000
,,,,,,,,,,,,,,,,,,197900
,,,,,,,,,,,,,,,,,,402000
,,,,,,,,,,,,,,,,,,110000
,,,,,,,,,,,,,,,,,,137500
,,,,,,,,,,,,,,,,,,423000
,,,,,,,,,,,,,,,,,,230500
,,,,,,,,,,,,,,,,,,129000
,,,,,,,,,,,,,,,,,,193500
,,,,,,,,,,,,,,,,,,168000
,,,,,,,,,,,,,,,,,,137500
,,,,,,,,,,,,,,,,,,173500
,,,,,,,,,,,,,,,,,,103600
,,,,,,,,,,,,,,,,,,165000
,,,,,,,,,,,,,,,,,,257500
,,,,,,,,,,,,,,,,,,140000
,,,,,,,,,,,,,,,,,,148500
,,,,,,,,,,,,,,,,,,87000
,,,,,,,,,,,,,,,,,,109500
,,,,,,,,,,,,,,,,,,372500
,,,,,,,,,,,,,,,,,,128500
,,,,,,,,,,,,,,,,,,143000
,,,,,,,,,,,,,,,,,,159434
,,,,,,,,,,,,,,,,,,173000
,,,,,,,,,,,,,,,,,,285000
,,,,,,,,,,,,,,,,,,221000
,,,,,,,,,,,,,,,,,,207500
,,,,,,,,,,,,,,,,,,227875
,,,,,,,,,,,,,,,,,,148800
,,,,,,,,,,,,,,,,,,392000
,,,,,,,,,,,,,,,,,,194700
,,,,,,,,,,,,,,,,,,141000
,,,,,,,,,,,,,,,,,,755000
,,,,,,,,,,,,,,,,,,335000
,,,,,,,,,,,,,,,,,,108480
,,,,,,,,,,,,,,,,,,141500
,,,,,,,,,,,,,,,,,,176000
,,,,,,,,,,,,,,,,,,89000
,,,,,,,,,,,,,,,,,,123500
,,,,,,,,,,,,,,,,,,138500
,,,,,,,,,,,,,,,,,,196000
,,,,,,,,,,,,,,,,,,312500
,,,,,,,,,,,,,,,,,,140000
,,,,,,,,,,,,,,,,,,361919
,,,,,,,,,,,,,,,,,,140000
,,,,,,,,,,,,,,,,,,213000
,,,,,,,,,,,,,,,,,,55000
,,,,,,,,,,,,,,,,,,302000
,,,,,,,,,,,,,,,,,,254000
,,,,,,,,,,,,,,,,,,179540
,,,,,,,,,,,,,,,,,,109900
,,,,,,,,,,,,,,,,,,52000
,,,,,,,,,,,,,,,,,,102776
,,,,,,,,,,,,,,,,,,189000
,,,,,,,,,,,,,,,,,,129000
,,,,,,,,,,,,,,,,,,130500
,,,,,,,,,,,,,,,,,,165000
,,,,,,,,,,,,,,,,,,159500
,,,,,,,,,,,,,,,,,,157000
,,,,,,,,,,,,,,,,,,341000
,,,,,,,,,,,,,,,,,,128500
,,,,,,,,,,,,,,,,,,275000
,,,,,,,,,,,,,,,,,,143000
,,,,,,,,,,,,,,,,,,124500
,,,,,,,,,,,,,,,,,,135000
,,,,,,,,,,,,,,,,,,320000
,,,,,,,,,,,,,,,,,,120500
,,,,,,,,,,,,,,,,,,222000
,,,,,,,,,,,,,,,,,,194500
,,,,,,,,,,,,,,,,,,110000
,,,,,,,,,,,,,,,,,,103000
,,,,,,,,,,,,,,,,,,236500
,,,,,,,,,,,,,,,,,,187500
,,,,,,,,,,,,,,,,,,222500
,,,,,,,,,,,,,,,,,,131400
,,,,,,,,,,,,,,,,,,108000
,,,,,,,,,,,,,,,,,,163000
,,,,,,,,,,,,,,,,,,93500
,,,,,,,,,,,,,,,,,,239900
,,,,,,,,,,,,,,,,,,179000
,,,,,,,,,,,,,,,,,,190000
,,,,,,,,,,,,,,,,,,132000
,,,,,,,,,,,,,,,,,,142000
,,,,,,,,,,,,,,,,,,179000
,,,,,,,,,,,,,,,,,,175000
,,,,,,,,,,,,,,,,,,180000
,,,,,,,,,,,,,,,,,,299800
,,,,,,,,,,,,,,,,,,236000
,,,,,,,,,,,,,,,,,,265979
,,,,,,,,,,,,,,,,,,260400
,,,,,,,,,,,,,,,,,,98000
,,,,,,,,,,,,,,,,,,96500
,,,,,,,,,,,,,,,,,,162000
,,,,,,,,,,,,,,,,,,217000
,,,,,,,,,,,,,,,,,,275500
,,,,,,,,,,,,,,,,,,156000
,,,,,,,,,,,,,,,,,,172500
,,,,,,,,,,,,,,,,,,212000
,,,,,,,,,,,,,,,,,,158900
,,,,,,,,,,,,,,,,,,179400
,,,,,,,,,,,,,,,,,,290000
,,,,,,,,,,,,,,,,,,127500
,,,,,,,,,,,,,,,,,,100000
,,,,,,,,,,,,,,,,,,215200
,,,,,,,,,,,,,,,,,,337000
,,,,,,,,,,,,,,,,,,270000
,,,,,,,,,,,,,,,,,,264132
,,,,,,,,,,,,,,,,,,196500
,,,,,,,,,,,,,,,,,,160000
,,,,,,,,,,,,,,,,,,216837
,,,,,,,,,,,,,,,,,,538000
,,,,,,,,,,,,,,,,,,134900
,,,,,,,,,,,,,,,,,,102000
,,,,,,,,,,,,,,,,,,107000
,,,,,,,,,,,,,,,,,,114500
,,,,,,,,,,,,,,,,,,395000
,,,,,,,,,,,,,,,,,,162000
,,,,,,,,,,,,,,,,,,221500
,,,,,,,,,,,,,,,,,,142500
,,,,,,,,,,,,,,,,,,144000
,,,,,,,,,,,,,,,,,,135000
,,,,,,,,,,,,,,,,,,176000
,,,,,,,,,,,,,,,,,,175900
,,,,,,,,,,,,,,,,,,187100
,,,,,,,,,,,,,,,,,,165500
,,,,,,,,,,,,,,,,,,128000
,,,,,,,,,,,,,,,,,,161500
,,,,,,,,,,,,,,,,,,139000
,,,,,,,,,,,,,,,,,,233000
,,,,,,,,,,,,,,,,,,107900
,,,,,,,,,,,,,,,,,,187500
,,,,,,,,,,,,,,,,,,160200
,,,,,,,,,,,,,,,,,,146800
,,,,,,,,,,,,,,,,,,269790
,,,,,,,,,,,,,,,,,,225000
,,,,,,,,,,,,,,,,,,194500
,,,,,,,,,,,,,,,,,,171000
,,,,,,,,,,,,,,,,,,143500
,,,,,,,,,,,,,,,,,,110000
,,,,,,,,,,,,,,,,,,485000
,,,,,,,,,,,,,,,,,,175000
,,,,,,,,,,,,,,,,,,200000
,,,,,,,,,,,,,,,,,,109900
,,,,,,,,,,,,,,,,,,189000
,,,,,,,,,,,,,,,,,,582933
,,,,,,,,,,,,,,,,,,118000
,,,,,,,,,,,,,,,,,,227680
,,,,,,,,,,,,,,,,,,135500
,,,,,,,,,,,,,,,,,,223500
,,,,,,,,,,,,,,,,,,159950
,,,,,,,,,,,,,,,,,,106000
,,,,,,,,,,,,,,,,,,181000
,,,,,,,,,,,,,,,,,,144500
,,,,,,,,,,,,,,,,,,55993
,,,,,,,,,,,,,,,,,,157900
,,,,,,,,,,,,,,,,,,116000
,,,,,,,,,,,,,,,,,,224900
,,,,,,,,,,,,,,,,,,137000
,,,,,,,,,,,,,,,,,,271000
,,,,,,,,,,,,,,,,,,155000
,,,,,,,,,,,,,,,,,,224000
,,,,,,,,,,,,,,,,,,183000
,,,,,,,,,,,,,,,,,,93000
,,,,,,,,,,,,,,,,,,225000
,,,,,,,,,,,,,,,,,,139500
,,,,,,,,,,,,,,,,,,232600
,,,,,,,,,,,,,,,,,,385000
,,,,,,,,,,,,,,,,,,109500
,,,,,,,,,,,,,,,,,,189000
,,,,,,,,,,,,,,,,,,185000
,,,,,,,,,,,,,,,,,,147400
,,,,,,,,,,,,,,,,,,166000
,,,,,,,,,,,,,,,,,,151000
,,,,,,,,,,,,,,,,,,237000
,,,,,,,,,,,,,,,,,,167000
,,,,,,,,,,,,,,,,,,139950
,,,,,,,,,,,,,,,,,,128000
,,,,,,,,,,,,,,,,,,153500
,,,,,,,,,,,,,,,,,,100000
,,,,,,,,,,,,,,,,,,144000
,,,,,,,,,,,,,,,,,,130500
,,,,,,,,,,,,,,,,,,140000
,,,,,,,,,,,,,,,,,,157500
,,,,,,,,,,,,,,,,,,174900
,,,,,,,,,,,,,,,,,,141000
,,,,,,,,,,,,,,,,,,153900
,,,,,,,,,,,,,,,,,,171000
,,,,,,,,,,,,,,,,,,213000
,,,,,,,,,,,,,,,,,,133500
,,,,,,,,,,,,,,,,,,240000
,,,,,,,,,,,,,,,,,,187000
,,,,,,,,,,,,,,,,,,131500
,,,,,,,,,,,,,,,,,,215000
,,,,,,,,,,,,,,,,,,164000
,,,,,,,,,,,,,,,,,,158000
,,,,,,,,,,,,,,,,,,170000
,,,,,,,,,,,,,,,,,,127000
,,,,,,,,,,,,,,,,,,147000
,,,,,,,,,,,,,,,,,,174000
,,,,,,,,,,,,,,,,,,152000
,,,,,,,,,,,,,,,,,,250000
,,,,,,,,,,,,,,,,,,189950
,,,,,,,,,,,,,,,,,,131500
,,,,,,,,,,,,,,,,,,152000
,,,,,,,,,,,,,,,,,,132500
,,,,,,,,,,,,,,,,,,250580
,,,,,,,,,,,,,,,,,,148500
,,,,,,,,,,,,,,,,,,248900
,,,,,,,,,,,,,,,,,,129000
,,,,,,,,,,,,,,,,,,169000
,,,,,,,,,,,,,,,,,,236000
,,,,,,,,,,,,,,,,,,109500
,,,,,,,,,,,,,,,,,,200500
,,,,,,,,,,,,,,,,,,116000
,,,,,,,,,,,,,,,,,,133000
,,,,,,,,,,,,,,,,,,66500
,,,,,,,,,,,,,,,,,,303477
,,,,,,,,,,,,,,,,,,132250
,,,,,,,,,,,,,,,,,,350000
,,,,,,,,,,,,,,,,,,148000
,,,,,,,,,,,,,,,,,,136500
,,,,,,,,,,,,,,,,,,157000
,,,,,,,,,,,,,,,,,,187500
,,,,,,,,,,,,,,,,,,178000
,,,,,,,,,,,,,,,,,,118500
,,,,,,,,,,,,,,,,,,100000
,,,,,,,,,,,,,,,,,,328900
,,,,,,,,,,,,,,,,,,145000
,,,,,,,,,,,,,,,,,,135500
,,,,,,,,,,,,,,,,,,268000
,,,,,,,,,,,,,,,,,,149500
,,,,,,,,,,,,,,,,,,122900
,,,,,,,,,,,,,,,,,,172500
,,,,,,,,,,,,,,,,,,154500
,,,,,,,,,,,,,,,,,,165000
,,,,,,,,,,,,,,,,,,118858
,,,,,,,,,,,,,,,,,,140000
,,,,,,,,,,,,,,,,,,106500
,,,,,,,,,,,,,,,,,,142953
,,,,,,,,,,,,,,,,,,611657
,,,,,,,,,,,,,,,,,,135000
,,,,,,,,,,,,,,,,,,110000
,,,,,,,,,,,,,,,,,,153000
,,,,,,,,,,,,,,,,,,180000
,,,,,,,,,,,,,,,,,,240000
,,,,,,,,,,,,,,,,,,125500
,,,,,,,,,,,,,,,,,,128000
,,,,,,,,,,,,,,,,,,255000
,,,,,,,,,,,,,,,,,,250000
,,,,,,,,,,,,,,,,,,131000
,,,,,,,,,,,,,,,,,,174000
,,,,,,,,,,,,,,,,,,154300
,,,,,,,,,,,,,,,,,,143500
,,,,,,,,,,,,,,,,,,88000
,,,,,,,,,,,,,,,,,,145000
,,,,,,,,,,,,,,,,,,173733
,,,,,,,,,,,,,,,,,,75000
,,,,,,,,,,,,,,,,,,35311
,,,,,,,,,,,,,,,,,,135000
,,,,,,,,,,,,,,,,,,238000
,,,,,,,,,,,,,,,,,,176500
,,,,,,,,,,,,,,,,,,201000
,,,,,,,,,,,,,,,,,,145900
,,,,,,,,,,,,,,,,,,169990
,,,,,,,,,,,,,,,,,,193000
,,,,,,,,,,,,,,,,,,207500
,,,,,,,,,,,,,,,,,,175000
,,,,,,,,,,,,,,,,,,285000
,,,,,,,,,,,,,,,,,,176000
,,,,,,,,,,,,,,,,,,236500
,,,,,,,,,,,,,,,,,,222000
,,,,,,,,,,,,,,,,,,201000
,,,,,,,,,,,,,,,,,,117500
,,,,,,,,,,,,,,,,,,320000
,,,,,,,,,,,,,,,,,,190000
,,,,,,,,,,,,,,,,,,242000
,,,,,,,,,,,,,,,,,,79900
,,,,,,,,,,,,,,,,,,184900
,,,,,,,,,,,,,,,,,,253000
,,,,,,,,,,,,,,,,,,239799
,,,,,,,,,,,,,,,,,,244400
,,,,,,,,,,,,,,,,,,150900
,,,,,,,,,,,,,,,,,,214000
,,,,,,,,,,,,,,,,,,150000
,,,,,,,,,,,,,,,,,,143000
,,,,,,,,,,,,,,,,,,137500
,,,,,,,,,,,,,,,,,,124900
,,,,,,,,,,,,,,,,,,143000
,,,,,,,,,,,,,,,,,,270000
,,,,,,,,,,,,,,,,,,192500
,,,,,,,,,,,,,,,,,,197500
,,,,,,,,,,,,,,,,,,129000
,,,,,,,,,,,,,,,,,,119900
,,,,,,,,,,,,,,,,,,133900
,,,,,,,,,,,,,,,,,,172000
,,,,,,,,,,,,,,,,,,127500
,,,,,,,,,,,,,,,,,,145000
,,,,,,,,,,,,,,,,,,124000
,,,,,,,,,,,,,,,,,,132000
,,,,,,,,,,,,,,,,,,185000
,,,,,,,,,,,,,,,,,,155000
,,,,,,,,,,,,,,,,,,116500
,,,,,,,,,,,,,,,,,,272000
,,,,,,,,,,,,,,,,,,155000
,,,,,,,,,,,,,,,,,,239000
,,,,,,,,,,,,,,,,,,214900
,,,,,,,,,,,,,,,,,,178900
,,,,,,,,,,,,,,,,,,160000
,,,,,,,,,,,,,,,,,,135000
,,,,,,,,,,,,,,,,,,37900
,,,,,,,,,,,,,,,,,,140000
,,,,,,,,,,,,,,,,,,135000
,,,,,,,,,,,,,,,,,,173000
,,,,,,,,,,,,,,,,,,99500
,,,,,,,,,,,,,,,,,,182000
,,,,,,,,,,,,,,,,,,167500
,,,,,,,,,,,,,,,,,,165000
,,,,,,,,,,,,,,,,,,85500
,,,,,,,,,,,,,,,,,,199900
,,,,,,,,,,,,,,,,,,110000
,,,,,,,,,,,,,,,,,,139000
,,,,,,,,,,,,,,,,,,178400
,,,,,,,,,,,,,,,,,,336000
,,,,,,,,,,,,,,,,,,159895
,,,,,,,,,,,,,,,,,,255900
,,,,,,,,,,,,,,,,,,126000
,,,,,,,,,,,,,,,,,,125000
,,,,,,,,,,,,,,,,,,117000
,,,,,,,,,,,,,,,,,,395192
,,,,,,,,,,,,,,,,,,195000
,,,,,,,,,,,,,,,,,,197000
,,,,,,,,,,,,,,,,,,348000
,,,,,,,,,,,,,,,,,,168000
,,,,,,,,,,,,,,,,,,187000
,,,,,,,,,,,,,,,,,,173900
,,,,,,,,,,,,,,,,,,337500
,,,,,,,,,,,,,,,,,,121600
,,,,,,,,,,,,,,,,,,136500
,,,,,,,,,,,,,,,,,,185000
,,,,,,,,,,,,,,,,,,91000
,,,,,,,,,,,,,,,,,,206000
,,,,,,,,,,,,,,,,,,82000
,,,,,,,,,,,,,,,,,,86000
,,,,,,,,,,,,,,,,,,232000
,,,,,,,,,,,,,,,,,,136905
,,,,,,,,,,,,,,,,,,181000
,,,,,,,,,,,,,,,,,,149900
,,,,,,,,,,,,,,,,,,163500
,,,,,,,,,,,,,,,,,,88000
,,,,,,,,,,,,,,,,,,240000
,,,,,,,,,,,,,,,,,,102000
,,,,,,,,,,,,,,,,,,135000
,,,,,,,,,,,,,,,,,,100000
,,,,,,,,,,,,,,,,,,165000
,,,,,,,,,,,,,,,,,,85000
,,,,,,,,,,,,,,,,,,119200
,,,,,,,,,,,,,,,,,,227000
,,,,,,,,,,,,,,,,,,203000
,,,,,,,,,,,,,,,,,,187500
,,,,,,,,,,,,,,,,,,160000
,,,,,,,,,,,,,,,,,,213490
,,,,,,,,,,,,,,,,,,176000
,,,,,,,,,,,,,,,,,,194000
,,,,,,,,,,,,,,,,,,87000
,,,,,,,,,,,,,,,,,,191000
,,,,,,,,,,,,,,,,,,287000
,,,,,,,,,,,,,,,,,,112500
,,,,,,,,,,,,,,,,,,167500
,,,,,,,,,,,,,,,,,,293077
,,,,,,,,,,,,,,,,,,105000
,,,,,,,,,,,,,,,,,,118000
,,,,,,,,,,,,,,,,,,160000
,,,,,,,,,,,,,,,,,,197000
,,,,,,,,,,,,,,,,,,310000
,,,,,,,,,,,,,,,,,,230000
,,,,,,,,,,,,,,,,,,119750
,,,,,,,,,,,,,,,,,,84000
,,,,,,,,,,,,,,,,,,315500
,,,,,,,,,,,,,,,,,,287000
,,,,,,,,,,,,,,,,,,97000
,,,,,,,,,,,,,,,,,,80000
,,,,,,,,,,,,,,,,,,155000
,,,,,,,,,,,,,,,,,,173000
,,,,,,,,,,,,,,,,,,196000
,,,,,,,,,,,,,,,,,,262280
,,,,,,,,,,,,,,,,,,278000
,,,,,,,,,,,,,,,,,,139600
,,,,,,,,,,,,,,,,,,556581
,,,,,,,,,,,,,,,,,,145000
,,,,,,,,,,,,,,,,,,115000
,,,,,,,,,,,,,,,,,,84900
,,,,,,,,,,,,,,,,,,176485
,,,,,,,,,,,,,,,,,,200141
,,,,,,,,,,,,,,,,,,165000
,,,,,,,,,,,,,,,,,,144500
,,,,,,,,,,,,,,,,,,255000
,,,,,,,,,,,,,,,,,,180000
,,,,,,,,,,,,,,,,,,185850
,,,,,,,,,,,,,,,,,,248000
,,,,,,,,,,,,,,,,,,335000
,,,,,,,,,,,,,,,,,,220000
,,,,,,,,,,,,,,,,,,213500
,,,,,,,,,,,,,,,,,,81000
,,,,,,,,,,,,,,,,,,90000
,,,,,,,,,,,,,,,,,,110500
,,,,,,,,,,,,,,,,,,154000
,,,,,,,,,,,,,,,,,,328000
,,,,,,,,,,,,,,,,,,178000
,,,,,,,,,,,,,,,,,,167900
,,,,,,,,,,,,,,,,,,151400
,,,,,,,,,,,,,,,,,,135000
,,,,,,,,,,,,,,,,,,135000
,,,,,,,,,,,,,,,,,,154000
,,,,,,,,,,,,,,,,,,91500
,,,,,,,,,,,,,,,,,,159500
,,,,,,,,,,,,,,,,,,194000
,,,,,,,,,,,,,,,,,,219500
,,,,,,,,,,,,,,,,,,170000
,,,,,,,,,,,,,,,,,,138800
,,,,,,,,,,,,,,,,,,155900
,,,,,,,,,,,,,,,,,,126000
,,,,,,,,,,,,,,,,,,145000
,,,,,,,,,,,,,,,,,,133000
,,,,,,,,,,,,,,,,,,192000
,,,,,,,,,,,,,,,,,,160000
,,,,,,,,,,,,,,,,,,187500
,,,,,,,,,,,,,,,,,,147000
,,,,,,,,,,,,,,,,,,83500
,,,,,,,,,,,,,,,,,,252000
,,,,,,,,,,,,,,,,,,137500
,,,,,,,,,,,,,,,,,,197000
,,,,,,,,,,,,,,,,,,92900
,,,,,,,,,,,,,,,,,,160000
,,,,,,,,,,,,,,,,,,136500
,,,,,,,,,,,,,,,,,,146000
,,,,,,,,,,,,,,,,,,129000
,,,,,,,,,,,,,,,,,,176432
,,,,,,,,,,,,,,,,,,127000
,,,,,,,,,,,,,,,,,,170000
,,,,,,,,,,,,,,,,,,128000
,,,,,,,,,,,,,,,,,,157000
,,,,,,,,,,,,,,,,,,60000
,,,,,,,,,,,,,,,,,,119500
,,,,,,,,,,,,,,,,,,135000
,,,,,,,,,,,,,,,,,,159500
,,,,,,,,,,,,,,,,,,106000
,,,,,,,,,,,,,,,,,,325000
,,,,,,,,,,,,,,,,,,179900
,,,,,,,,,,,,,,,,,,274725
,,,,,,,,,,,,,,,,,,181000
,,,,,,,,,,,,,,,,,,280000
,,,,,,,,,,,,,,,,,,188000
,,,,,,,,,,,,,,,,,,205000
,,,,,,,,,,,,,,,,,,129900
,,,,,,,,,,,,,,,,,,134500
,,,,,,,,,,,,,,,,,,117000
,,,,,,,,,,,,,,,,,,318000
,,,,,,,,,,,,,,,,,,184100
,,,,,,,,,,,,,,,,,,130000
,,,,,,,,,,,,,,,,,,140000
,,,,,,,,,,,,,,,,,,133700
,,,,,,,,,,,,,,,,,,118400
,,,,,,,,,,,,,,,,,,212900
,,,,,,,,,,,,,,,,,,112000
,,,,,,,,,,,,,,,,,,118000
,,,,,,,,,,,,,,,,,,163900
,,,,,,,,,,,,,,,,,,115000
,,,,,,,,,,,,,,,,,,174000
,,,,,,,,,,,,,,,,,,259000
,,,,,,,,,,,,,,,,,,215000
,,,,,,,,,,,,,,,,,,140000
,,,,,,,,,,,,,,,,,,135000
,,,,,,,,,,,,,,,,,,93500
,,,,,,,,,,,,,,,,,,117500
,,,,,,,,,,,,,,,,,,239500
,,,,,,,,,,,,,,,,,,169000
,,,,,,,,,,,,,,,,,,102000
,,,,,,,,,,,,,,,,,,119000
,,,,,,,,,,,,,,,,,,94000
,,,,,,,,,,,,,,,,,,196000
,,,,,,,,,,,,,,,,,,144000
,,,,,,,,,,,,,,,,,,139000
,,,,,,,,,,,,,,,,,,197500
,,,,,,,,,,,,,,,,,,424870
,,,,,,,,,,,,,,,,,,80000
,,,,,,,,,,,,,,,,,,80000
,,,,,,,,,,,,,,,,,,149000
,,,,,,,,,,,,,,,,,,180000
,,,,,,,,,,,,,,,,,,174500
,,,,,,,,,,,,,,,,,,116900
,,,,,,,,,,,,,,,,,,143000
,,,,,,,,,,,,,,,,,,124000
,,,,,,,,,,,,,,,,,,149900
,,,,,,,,,,,,,,,,,,230000
,,,,,,,,,,,,,,,,,,120500
,,,,,,,,,,,,,,,,,,201800
,,,,,,,,,,,,,,,,,,218000
,,,,,,,,,,,,,,,,,,179900
,,,,,,,,,,,,,,,,,,230000
,,,,,,,,,,,,,,,,,,235128
,,,,,,,,,,,,,,,,,,185000
,,,,,,,,,,,,,,,,,,146000
,,,,,,,,,,,,,,,,,,224000
,,,,,,,,,,,,,,,,,,129000
,,,,,,,,,,,,,,,,,,108959
,,,,,,,,,,,,,,,,,,194000
,,,,,,,,,,,,,,,,,,233170
,,,,,,,,,,,,,,,,,,245350
,,,,,,,,,,,,,,,,,,173000
,,,,,,,,,,,,,,,,,,235000
,,,,,,,,,,,,,,,,,,625000
,,,,,,,,,,,,,,,,,,171000
,,,,,,,,,,,,,,,,,,163000
,,,,,,,,,,,,,,,,,,171900
,,,,,,,,,,,,,,,,,,200500
,,,,,,,,,,,,,,,,,,239000
,,,,,,,,,,,,,,,,,,285000
,,,,,,,,,,,,,,,,,,119500
,,,,,,,,,,,,,,,,,,115000
,,,,,,,,,,,,,,,,,,154900
,,,,,,,,,,,,,,,,,,93000
,,,,,,,,,,,,,,,,,,250000
,,,,,,,,,,,,,,,,,,392500
,,,,,,,,,,,,,,,,,,745000
,,,,,,,,,,,,,,,,,,120000
,,,,,,,,,,,,,,,,,,186700
,,,,,,,,,,,,,,,,,,104900
,,,,,,,,,,,,,,,,,,95000
,,,,,,,,,,,,,,,,,,262000
,,,,,,,,,,,,,,,,,,195000
,,,,,,,,,,,,,,,,,,189000
,,,,,,,,,,,,,,,,,,168000
,,,,,,,,,,,,,,,,,,174000
,,,,,,,,,,,,,,,,,,125000
,,,,,,,,,,,,,,,,,,165000
,,,,,,,,,,,,,,,,,,158000
,,,,,,,,,,,,,,,,,,176000
,,,,,,,,,,,,,,,,,,219210
,,,,,,,,,,,,,,,,,,144000
,,,,,,,,,,,,,,,,,,178000
,,,,,,,,,,,,,,,,,,148000
,,,,,,,,,,,,,,,,,,116050
,,,,,,,,,,,,,,,,,,197900
,,,,,,,,,,,,,,,,,,117000
,,,,,,,,,,,,,,,,,,213000
,,,,,,,,,,,,,,,,,,153500
,,,,,,,,,,,,,,,,,,271900
,,,,,,,,,,,,,,,,,,107000
,,,,,,,,,,,,,,,,,,200000
,,,,,,,,,,,,,,,,,,140000
,,,,,,,,,,,,,,,,,,290000
,,,,,,,,,,,,,,,,,,189000
,,,,,,,,,,,,,,,,,,164000
,,,,,,,,,,,,,,,,,,113000
,,,,,,,,,,,,,,,,,,145000
,,,,,,,,,,,,,,,,,,134500
,,,,,,,,,,,,,,,,,,125000
,,,,,,,,,,,,,,,,,,112000
,,,,,,,,,,,,,,,,,,229456
,,,,,,,,,,,,,,,,,,80500
,,,,,,,,,,,,,,,,,,91500
,,,,,,,,,,,,,,,,,,115000
,,,,,,,,,,,,,,,,,,134000
,,,,,,,,,,,,,,,,,,143000
,,,,,,,,,,,,,,,,,,137900
,,,,,,,,,,,,,,,,,,184000
,,,,,,,,,,,,,,,,,,145000
,,,,,,,,,,,,,,,,,,214000
,,,,,,,,,,,,,,,,,,147000
,,,,,,,,,,,,,,,,,,367294
,,,,,,,,,,,,,,,,,,127000
,,,,,,,,,,,,,,,,,,190000
,,,,,,,,,,,,,,,,,,132500
,,,,,,,,,,,,,,,,,,101800
,,,,,,,,,,,,,,,,,,142000
,,,,,,,,,,,,,,,,,,130000
,,,,,,,,,,,,,,,,,,138887
,,,,,,,,,,,,,,,,,,175500
,,,,,,,,,,,,,,,,,,195000
,,,,,,,,,,,,,,,,,,142500
,,,,,,,,,,,,,,,,,,265900
,,,,,,,,,,,,,,,,,,224900
,,,,,,,,,,,,,,,,,,248328
,,,,,,,,,,,,,,,,,,170000
,,,,,,,,,,,,,,,,,,465000
,,,,,,,,,,,,,,,,,,230000
,,,,,,,,,,,,,,,,,,178000
,,,,,,,,,,,,,,,,,,186500
,,,,,,,,,,,,,,,,,,169900
,,,,,,,,,,,,,,,,,,129500
,,,,,,,,,,,,,,,,,,119000
,,,,,,,,,,,,,,,,,,244000
,,,,,,,,,,,,,,,,,,171750
,,,,,,,,,,,,,,,,,,130000
,,,,,,,,,,,,,,,,,,294000
,,,,,,,,,,,,,,,,,,165400
,,,,,,,,,,,,,,,,,,127500
,,,,,,,,,,,,,,,,,,301500
,,,,,,,,,,,,,,,,,,99900
,,,,,,,,,,,,,,,,,,190000
,,,,,,,,,,,,,,,,,,151000
,,,,,,,,,,,,,,,,,,181000
,,,,,,,,,,,,,,,,,,128900
,,,,,,,,,,,,,,,,,,161500
,,,,,,,,,,,,,,,,,,180500
,,,,,,,,,,,,,,,,,,181000
,,,,,,,,,,,,,,,,,,183900
,,,,,,,,,,,,,,,,,,122000
,,,,,,,,,,,,,,,,,,378500
,,,,,,,,,,,,,,,,,,381000
,,,,,,,,,,,,,,,,,,144000
,,,,,,,,,,,,,,,,,,260000
,,,,,,,,,,,,,,,,,,185750
,,,,,,,,,,,,,,,,,,137000
,,,,,,,,,,,,,,,,,,177000
,,,,,,,,,,,,,,,,,,139000
,,,,,,,,,,,,,,,,,,137000
,,,,,,,,,,,,,,,,,,162000
,,,,,,,,,,,,,,,,,,197900
,,,,,,,,,,,,,,,,,,237000
,,,,,,,,,,,,,,,,,,68400
,,,,,,,,,,,,,,,,,,227000
,,,,,,,,,,,,,,,,,,180000
,,,,,,,,,,,,,,,,,,150500
,,,,,,,,,,,,,,,,,,139000
,,,,,,,,,,,,,,,,,,169000
,,,,,,,,,,,,,,,,,,132500
,,,,,,,,,,,,,,,,,,143000
,,,,,,,,,,,,,,,,,,190000
,,,,,,,,,,,,,,,,,,278000
,,,,,,,,,,,,,,,,,,281000
,,,,,,,,,,,,,,,,,,180500
,,,,,,,,,,,,,,,,,,119500
,,,,,,,,,,,,,,,,,,107500
,,,,,,,,,,,,,,,,,,162900
,,,,,,,,,,,,,,,,,,115000
,,,,,,,,,,,,,,,,,,138500
,,,,,,,,,,,,,,,,,,155000
,,,,,,,,,,,,,,,,,,140000
,,,,,,,,,,,,,,,,,,160000
,,,,,,,,,,,,,,,,,,154000
,,,,,,,,,,,,,,,,,,225000
,,,,,,,,,,,,,,,,,,177500
,,,,,,,,,,,,,,,,,,290000
,,,,,,,,,,,,,,,,,,232000
,,,,,,,,,,,,,,,,,,130000
,,,,,,,,,,,,,,,,,,325000
,,,,,,,,,,,,,,,,,,202500
,,,,,,,,,,,,,,,,,,138000
,,,,,,,,,,,,,,,,,,147000
,,,,,,,,,,,,,,,,,,179200
,,,,,,,,,,,,,,,,,,335000
,,,,,,,,,,,,,,,,,,203000
,,,,,,,,,,,,,,,,,,302000
,,,,,,,,,,,,,,,,,,333168
,,,,,,,,,,,,,,,,,,119000
,,,,,,,,,,,,,,,,,,206900
,,,,,,,,,,,,,,,,,,295493
,,,,,,,,,,,,,,,,,,208900
,,,,,,,,,,,,,,,,,,275000
,,,,,,,,,,,,,,,,,,111000
,,,,,,,,,,,,,,,,,,156500
,,,,,,,,,,,,,,,,,,72500
,,,,,,,,,,,,,,,,,,190000
,,,,,,,,,,,,,,,,,,82500
,,,,,,,,,,,,,,,,,,147000
,,,,,,,,,,,,,,,,,,55000
,,,,,,,,,,,,,,,,,,79000
,,,,,,,,,,,,,,,,,,130500
,,,,,,,,,,,,,,,,,,256000
,,,,,,,,,,,,,,,,,,176500
,,,,,,,,,,,,,,,,,,227000
,,,,,,,,,,,,,,,,,,132500
,,,,,,,,,,,,,,,,,,100000
,,,,,,,,,,,,,,,,,,125500
,,,,,,,,,,,,,,,,,,125000
,,,,,,,,,,,,,,,,,,167900
,,,,,,,,,,,,,,,,,,135000
,,,,,,,,,,,,,,,,,,52500
,,,,,,,,,,,,,,,,,,200000
,,,,,,,,,,,,,,,,,,128500
,,,,,,,,,,,,,,,,,,123000
,,,,,,,,,,,,,,,,,,155000
,,,,,,,,,,,,,,,,,,228500
,,,,,,,,,,,,,,,,,,177000
,,,,,,,,,,,,,,,,,,155835
,,,,,,,,,,,,,,,,,,108500
,,,,,,,,,,,,,,,,,,262500
,,,,,,,,,,,,,,,,,,283463
,,,,,,,,,,,,,,,,,,215000
,,,,,,,,,,,,,,,,,,122000
,,,,,,,,,,,,,,,,,,200000
,,,,,,,,,,,,,,,,,,171000
,,,,,,,,,,,,,,,,,,134900
,,,,,,,,,,,,,,,,,,410000
,,,,,,,,,,,,,,,,,,235000
,,,,,,,,,,,,,,,,,,170000
,,,,,,,,,,,,,,,,,,110000
,,,,,,,,,,,,,,,,,,149900
,,,,,,,,,,,,,,,,,,177500
,,,,,,,,,,,,,,,,,,315000
,,,,,,,,,,,,,,,,,,189000
,,,,,,,,,,,,,,,,,,260000
,,,,,,,,,,,,,,,,,,104900
,,,,,,,,,,,,,,,,,,156932
,,,,,,,,,,,,,,,,,,144152
,,,,,,,,,,,,,,,,,,216000
,,,,,,,,,,,,,,,,,,193000
,,,,,,,,,,,,,,,,,,127000
,,,,,,,,,,,,,,,,,,144000
,,,,,,,,,,,,,,,,,,232000
,,,,,,,,,,,,,,,,,,105000
,,,,,,,,,,,,,,,,,,165500
,,,,,,,,,,,,,,,,,,274300
,,,,,,,,,,,,,,,,,,466500
,,,,,,,,,,,,,,,,,,250000
,,,,,,,,,,,,,,,,,,239000
,,,,,,,,,,,,,,,,,,91000
,,,,,,,,,,,,,,,,,,117000
,,,,,,,,,,,,,,,,,,83000
,,,,,,,,,,,,,,,,,,167500
,,,,,,,,,,,,,,,,,,58500
,,,,,,,,,,,,,,,,,,237500
,,,,,,,,,,,,,,,,,,157000
,,,,,,,,,,,,,,,,,,112000
,,,,,,,,,,,,,,,,,,105000
,,,,,,,,,,,,,,,,,,125500
,,,,,,,,,,,,,,,,,,250000
,,,,,,,,,,,,,,,,,,136000
,,,,,,,,,,,,,,,,,,377500
,,,,,,,,,,,,,,,,,,131000
,,,,,,,,,,,,,,,,,,235000
,,,,,,,,,,,,,,,,,,124000
,,,,,,,,,,,,,,,,,,123000
,,,,,,,,,,,,,,,,,,163000
,,,,,,,,,,,,,,,,,,246578
,,,,,,,,,,,,,,,,,,281213
,,,,,,,,,,,,,,,,,,160000
,,,,,,,,,,,,,,,,,,137500
,,,,,,,,,,,,,,,,,,138000
,,,,,,,,,,,,,,,,,,137450
,,,,,,,,,,,,,,,,,,120000
,,,,,,,,,,,,,,,,,,193000
,,,,,,,,,,,,,,,,,,193879
,,,,,,,,,,,,,,,,,,282922
,,,,,,,,,,,,,,,,,,105000
,,,,,,,,,,,,,,,,,,275000
,,,,,,,,,,,,,,,,,,133000
,,,,,,,,,,,,,,,,,,112000
,,,,,,,,,,,,,,,,,,125500
,,,,,,,,,,,,,,,,,,215000
,,,,,,,,,,,,,,,,,,230000
,,,,,,,,,,,,,,,,,,140000
,,,,,,,,,,,,,,,,,,90000
,,,,,,,,,,,,,,,,,,257000
,,,,,,,,,,,,,,,,,,207000
,,,,,,,,,,,,,,,,,,175900
,,,,,,,,,,,,,,,,,,122500
,,,,,,,,,,,,,,,,,,340000
,,,,,,,,,,,,,,,,,,124000
,,,,,,,,,,,,,,,,,,223000
,,,,,,,,,,,,,,,,,,179900
,,,,,,,,,,,,,,,,,,127500
,,,,,,,,,,,,,,,,,,136500
,,,,,,,,,,,,,,,,,,274970
,,,,,,,,,,,,,,,,,,144000
,,,,,,,,,,,,,,,,,,142000
,,,,,,,,,,,,,,,,,,271000
,,,,,,,,,,,,,,,,,,140000
,,,,,,,,,,,,,,,,,,119000
,,,,,,,,,,,,,,,,,,182900
,,,,,,,,,,,,,,,,,,192140
,,,,,,,,,,,,,,,,,,143750
,,,,,,,,,,,,,,,,,,64500
,,,,,,,,,,,,,,,,,,186500
,,,,,,,,,,,,,,,,,,160000
,,,,,,,,,,,,,,,,,,174000
,,,,,,,,,,,,,,,,,,120500
,,,,,,,,,,,,,,,,,,394617
,,,,,,,,,,,,,,,,,,149700
,,,,,,,,,,,,,,,,,,197000
,,,,,,,,,,,,,,,,,,191000
,,,,,,,,,,,,,,,,,,149300
,,,,,,,,,,,,,,,,,,310000
,,,,,,,,,,,,,,,,,,121000
,,,,,,,,,,,,,,,,,,179600
,,,,,,,,,,,,,,,,,,129000
,,,,,,,,,,,,,,,,,,157900
,,,,,,,,,,,,,,,,,,240000
,,,,,,,,,,,,,,,,,,112000
,,,,,,,,,,,,,,,,,,92000
,,,,,,,,,,,,,,,,,,136000
,,,,,,,,,,,,,,,,,,287090
,,,,,,,,,,,,,,,,,,145000
,,,,,,,,,,,,,,,,,,84500
,,,,,,,,,,,,,,,,,,185000
,,,,,,,,,,,,,,,,,,175000
,,,,,,,,,,,,,,,,,,210000
,,,,,,,,,,,,,,,,,,266500
,,,,,,,,,,,,,,,,,,142125
,,,,,,,,,,,,,,,,,,147500
